{
    "run_name": "empty_10runs_seq10",
    "output_base_name": "empty_10runs_seq10__data_dgap_26-05-05_13-25-12",
    "csv": "data/dgap_26-05-05_13-25-12.csv",
    "model_path": "models/empty_10runs_seq10__data_dgap_26-05-05_13-25-12_gap_gru.pt",
    "best_val_loss": 0.22971607267092436,
    "seq_len": 10,
    "hidden_size": 64,
    "num_layers": 2,
    "x_mean": [
        -0.04620936140418053,
        -0.08398264646530151
    ],
    "x_std": [
        2.735501766204834,
        2.5700185298919678
    ],
    "y_mean": [
        0.1732596755027771,
        0.03841647505760193
    ],
    "y_std": [
        0.40549883246421814,
        0.3925953805446625
    ],
    "input_features": [
        "x",
        "y"
    ],
    "output_features": [
        "vx",
        "vy"
    ],
    "group_cols": [
        "gap_id",
        "side"
    ]
}