{
    "seq_len": 10,
    "x_mean": [
        1.5496456623077393,
        0.07730229943990707
    ],
    "x_std": [
        3.913851499557495,
        0.8383073210716248
    ],
    "y_mean": [
        -0.06256338208913803,
        0.0006487414357252419
    ],
    "y_std": [
        0.1898624151945114,
        0.07581997662782669
    ],
    "input_features": [
        "x",
        "y"
    ],
    "output_features": [
        "vx",
        "vy"
    ]
}