{
    "seq_len": 10,
    "x_mean": [
        0.6080158352851868,
        -0.09014435112476349
    ],
    "x_std": [
        1.6070609092712402,
        0.8132652044296265
    ],
    "y_mean": [
        -0.007933521643280983,
        5.469341340358369e-05
    ],
    "y_std": [
        0.3150920271873474,
        0.15425769984722137
    ],
    "input_features": [
        "x",
        "y"
    ],
    "output_features": [
        "vx",
        "vy"
    ]
}