{
    "run_name": "seq10_1000epoch",
    "output_base_name": "seq10_1000epoch__data_empty_0to10_100runs",
    "csv": "data/empty_0to10_100runs.csv",
    "model_path": "models/seq10_1000epoch__data_empty_0to10_100runs_gap_gru.pt",
    "best_val_loss": 0.1462022436496157,
    "seq_len": 10,
    "hidden_size": 64,
    "num_layers": 2,
    "x_mean": [
        -0.04620936140418053,
        -0.08398264646530151
    ],
    "x_std": [
        2.735501766204834,
        2.5700185298919678
    ],
    "y_mean": [
        0.1732596755027771,
        0.03841647505760193
    ],
    "y_std": [
        0.40549883246421814,
        0.3925953805446625
    ],
    "input_features": [
        "x",
        "y"
    ],
    "output_features": [
        "vx",
        "vy"
    ],
    "group_cols": [
        "gap_id",
        "side"
    ]
}