{
    "run_name": "state_only_seq10",
    "output_base_name": "state_only_seq10__data_dgap_26-05-05_10-40-58",
    "csv": "data/dgap_26-05-05_10-40-58.csv",
    "model_path": "models/state_only_seq10__data_dgap_26-05-05_10-40-58_gap_gru.pt",
    "best_val_loss": 0.2707110421883093,
    "seq_len": 10,
    "hidden_size": 64,
    "num_layers": 2,
    "x_mean": [
        0.6080158352851868,
        -0.09014435112476349
    ],
    "x_std": [
        1.6070609092712402,
        0.8132652044296265
    ],
    "y_mean": [
        -0.007933521643280983,
        5.469341340358369e-05
    ],
    "y_std": [
        0.3150920271873474,
        0.15425769984722137
    ],
    "input_features": [
        "x",
        "y"
    ],
    "output_features": [
        "vx",
        "vy"
    ],
    "group_cols": [
        "gap_id",
        "side"
    ]
}